{"cameraMode":{"drawMode":0,"name":"Shaded","section":"Shading Mode"},"sceneLighting":false,"audioPlay":false,"sceneViewState":{"showFog":true,"showMaterialUpdate":false,"showSkybox":true,"showFlares":true,"showImageEffects":true,"showParticleSystems":true},"in2DMode":false,"pivot":{"x":-0.160902202129364,"y":0.02056753635406494,"z":-0.024549484252929689},"rotation":{"x":-0.16818232834339143,"y":0.09653130918741226,"z":-0.016551289707422258,"w":-0.980878472328186},"size":4.357883930206299,"orthographic":false}