{"cameraMode":{"drawMode":0,"name":"Shaded","section":"Shading Mode"},"sceneLighting":true,"audioPlay":false,"sceneViewState":{"showFog":true,"showMaterialUpdate":false,"showSkybox":true,"showFlares":true,"showImageEffects":true,"showParticleSystems":true},"in2DMode":false,"pivot":{"x":4.217320442199707,"y":9.908236503601075,"z":1.94085693359375},"rotation":{"x":0.0011901733232662082,"y":-0.0024027633480727674,"z":-0.000002802017888825503,"w":-0.9999964237213135},"size":27.79172134399414,"orthographic":false}