{"cameraMode":{"drawMode":0,"name":"Shaded","section":"Shading Mode"},"sceneLighting":true,"audioPlay":false,"sceneViewState":{"showFog":true,"showMaterialUpdate":false,"showSkybox":true,"showFlares":true,"showImageEffects":true,"showParticleSystems":true},"in2DMode":false,"pivot":{"x":10.351940155029297,"y":-30.828651428222658,"z":94.74542999267578},"rotation":{"x":-0.187765434384346,"y":0.03387848287820816,"z":-0.006480352953076363,"w":-0.9816081523895264},"size":119.09590148925781,"orthographic":false}