{"cameraMode":{"drawMode":0,"name":"Shaded","section":"Shading Mode"},"sceneLighting":false,"audioPlay":false,"sceneViewState":{"showFog":true,"showMaterialUpdate":false,"showSkybox":true,"showFlares":true,"showImageEffects":true,"showParticleSystems":true},"in2DMode":false,"pivot":{"x":0.059500038623809817,"y":0.839776873588562,"z":-0.006999969482421875},"rotation":{"x":-0.005998100154101849,"y":0.025496505200862886,"z":-0.00015299246297217906,"w":-0.9996569156646729},"size":7.846073150634766,"orthographic":false}