{"cameraMode":{"drawMode":0,"name":"Shaded","section":"Shading Mode"},"sceneLighting":true,"audioPlay":false,"sceneViewState":{"showFog":true,"showMaterialUpdate":false,"showSkybox":true,"showFlares":true,"showImageEffects":true,"showParticleSystems":true},"in2DMode":false,"pivot":{"x":24.483139038085939,"y":18.289505004882814,"z":12.583541870117188},"rotation":{"x":-0.005998100154101849,"y":0.025496505200862886,"z":-0.00015299246297217906,"w":-0.9996569156646729},"size":54.42292404174805,"orthographic":false}