{"cameraMode":{"drawMode":0,"name":"Shaded","section":"Shading Mode"},"sceneLighting":true,"audioPlay":false,"sceneViewState":{"showFog":true,"showMaterialUpdate":false,"showSkybox":true,"showFlares":true,"showImageEffects":true,"showParticleSystems":true},"in2DMode":false,"pivot":{"x":127.29682159423828,"y":-37.31842803955078,"z":38.98134231567383},"rotation":{"x":-0.1775396317243576,"y":-0.5030013918876648,"z":0.10642264783382416,"w":-0.8391326665878296},"size":192.41104125976563,"orthographic":false}