{"cameraMode":{"drawMode":0,"name":"Shaded","section":"Shading Mode"},"sceneLighting":true,"audioPlay":false,"sceneViewState":{"showFog":true,"showMaterialUpdate":false,"showSkybox":true,"showFlares":true,"showImageEffects":true,"showParticleSystems":true},"in2DMode":false,"pivot":{"x":12.634613037109375,"y":13.919461250305176,"z":90.44673919677735},"rotation":{"x":-0.005998100154101849,"y":0.025496505200862886,"z":-0.00015299246297217906,"w":-0.9996569156646729},"size":126.34178161621094,"orthographic":false}