{"cameraMode":{"drawMode":0,"name":"Shaded","section":"Shading Mode"},"sceneLighting":false,"audioPlay":false,"sceneViewState":{"showFog":true,"showMaterialUpdate":false,"showSkybox":true,"showFlares":true,"showImageEffects":true,"showParticleSystems":true},"in2DMode":false,"pivot":{"x":0.059500038623809817,"y":0.9129999876022339,"z":-0.006999969482421875},"rotation":{"x":-0.00046118220780044794,"y":-0.9929428100585938,"z":0.11853010207414627,"w":-0.003864660393446684},"size":8.00208854675293,"orthographic":false}