{"cameraMode":{"drawMode":0,"name":"Shaded","section":"Shading Mode"},"sceneLighting":false,"audioPlay":false,"sceneViewState":{"showFog":true,"showMaterialUpdate":false,"showSkybox":true,"showFlares":true,"showImageEffects":true,"showParticleSystems":true},"in2DMode":false,"pivot":{"x":0.059500038623809817,"y":0.6629999876022339,"z":-0.006999969482421875},"rotation":{"x":-0.0029999820981174709,"y":0.0029999823309481146,"z":-0.000008999973942991346,"w":-0.9999909996986389},"size":7.488179683685303,"orthographic":false}