{"cameraMode":{"drawMode":0,"name":"Shaded","section":"Shading Mode"},"sceneLighting":true,"audioPlay":false,"sceneViewState":{"showFog":true,"showMaterialUpdate":true,"showSkybox":true,"showFlares":true,"showImageEffects":true,"showParticleSystems":true},"in2DMode":false,"pivot":{"x":5.1269612312316898,"y":26.38711166381836,"z":-75.50672912597656},"rotation":{"x":-0.058432843536138538,"y":0.034433502703905109,"z":-0.002016614191234112,"w":-0.9976953268051148},"size":6.576785087585449,"orthographic":false}