{"cameraMode":{"drawMode":0,"name":"Shaded","section":"Shading Mode"},"sceneLighting":true,"audioPlay":false,"sceneViewState":{"showFog":true,"showMaterialUpdate":true,"showSkybox":true,"showFlares":true,"showImageEffects":true,"showParticleSystems":true},"in2DMode":false,"pivot":{"x":324.653076171875,"y":131.17654418945313,"z":0.0},"rotation":{"x":-0.058432843536138538,"y":0.034433502703905109,"z":-0.002016614191234112,"w":-0.9976953268051148},"size":1017.7166137695313,"orthographic":false}