{"cameraMode":{"drawMode":0,"name":"Shaded","section":"Shading Mode"},"sceneLighting":true,"audioPlay":false,"sceneViewState":{"showFog":true,"showMaterialUpdate":true,"showSkybox":true,"showFlares":true,"showImageEffects":true,"showParticleSystems":true},"in2DMode":false,"pivot":{"x":14.55695629119873,"y":39.42211151123047,"z":21.324806213378908},"rotation":{"x":0.022426530718803407,"y":0.07908092439174652,"z":0.0017800137866288424,"w":-0.9966143369674683},"size":91.87890625,"orthographic":false}