{"cameraMode":{"drawMode":0,"name":"Shaded","section":"Shading Mode"},"sceneLighting":true,"audioPlay":false,"sceneViewState":{"showFog":true,"showMaterialUpdate":true,"showSkybox":true,"showFlares":true,"showImageEffects":true,"showParticleSystems":true},"in2DMode":false,"pivot":{"x":399.5739440917969,"y":227.01947021484376,"z":206.849853515625},"rotation":{"x":-0.15790431201457978,"y":-0.07250816375017166,"z":0.011627092026174069,"w":-0.9847201108932495},"size":1324.944580078125,"orthographic":false}